name,batting_score,bowling_score,overall_score,salary,team,season
A Kumble,-0.65,221.27,220.62,500000,Royal Challengers Bangalore,2010
A Symonds,-20.85,57.76,36.91,1350000,Deccan Chargers,2010
AC Gilchrist,29.75,0,29.75,700000,Deccan Chargers,2010
DPMD Jayawardene,58.32,0,58.32,475000,Kings XI Punjab,2010
DW Steyn,-0.85,151.31,150.46,325000,Royal Challengers Bangalore,2010
HH Gibbs,-16.33,0,-16.33,575000,Deccan Chargers,2010
Harbhajan Singh,21.58,99.61,121.19,850000,Mumbai Indians,2010
IK Pathan,51.17,-215.96,-164.79,925000,Kings XI Punjab,2010
JA Morkel,32.79,-93.7,-60.91,675000,Chennai Super Kings,2010
JH Kallis,-79.92,-83.33,-163.25,900000,Royal Challengers Bangalore,2010
KA Pollard,67.06,-11.86,55.2,750000,Mumbai Indians,2010
KC Sangakkara,26.08,0,26.08,700000,Kings XI Punjab,2010
KP Pietersen,37.87,-2.98,34.89,1550000,Royal Challengers Bangalore,2010
M Muralitharan,-0.63,52.21,51.58,600000,Chennai Super Kings,2010
MK Tiwary,1.77,-2.95,-1.18,675000,Kolkata Knight Riders,2010
ML Hayden,-37.32,0,-37.32,375000,Chennai Super Kings,2010
MS Dhoni,19.41,0,19.41,1500000,Chennai Super Kings,2010
PP Chawla,-6.08,9.4,3.32,400000,Kings XI Punjab,2010
RG Sharma,-13.67,-30.34,-44.01,750000,Deccan Chargers,2010
RP Singh,-1.19,-190.63,-191.82,875000,Deccan Chargers,2010
RS Bopara,-32.8,-59.9,-92.7,450000,Kings XI Punjab,2010
RV Uthappa,81.77,0,81.77,800000,Royal Challengers Bangalore,2010
SK Raina,23.67,21.86,45.53,650000,Chennai Super Kings,2010
YK Pathan,58.12,-10.02,48.1,475000,Rajasthan Royals,2010
Z Khan,10.95,20.23,31.18,450000,Mumbai Indians,2010
A Kumble,2.67,225.66,228.33,500000,Royal Challengers Bangalore,2009
A Symonds,46.88,36.7,83.58,1350000,Deccan Chargers,2009
AB de Villiers,31.97,0,31.97,300000,Delhi Daredevils,2009
AC Gilchrist,111.55,0,111.55,700000,Deccan Chargers,2009
BB McCullum,3.81,0,3.81,700000,Kolkata Knight Riders,2009
DPMD Jayawardene,12.77,0,12.77,475000,Kings XI Punjab,2009
DR Smith,57.43,-89.52,-32.09,100000,Deccan Chargers,2009
G Gambhir,-35.08,0,-35.08,725000,Delhi Daredevils,2009
GC Smith,-39.64,0,-39.64,250000,Rajasthan Royals,2009
HH Gibbs,-9.07,0,-9.07,575000,Deccan Chargers,2009
Harbhajan Singh,20.48,122.65,143.13,850000,Mumbai Indians,2009
I Sharma,1.51,22.28,23.79,950000,Kolkata Knight Riders,2009
IK Pathan,32.26,-103.2,-70.94,925000,Kings XI Punjab,2009
JA Morkel,8.95,-113.93,-104.98,675000,Chennai Super Kings,2009
JH Kallis,-36.11,-92.14,-128.25,900000,Royal Challengers Bangalore,2009
JP Duminy,-6.6,87.46,80.86,950000,Mumbai Indians,2009
KC Sangakkara,-63.2,0,-63.2,700000,Kings XI Punjab,2009
KD Karthik,24.61,0,24.61,525000,Delhi Daredevils,2009
M Muralitharan,2.67,281.2,283.87,600000,Chennai Super Kings,2009
ML Hayden,108.39,0,108.39,375000,Chennai Super Kings,2009
MM Patel,10.91,23.28,34.19,275000,Rajasthan Royals,2009
MS Dhoni,33.69,0,33.69,1500000,Chennai Super Kings,2009
PP Chawla,-4.27,32.37,28.1,400000,Kings XI Punjab,2009
RG Sharma,-27.61,11.61,-16,750000,Deccan Chargers,2009
RP Singh,-7.37,2.02,-5.35,875000,Deccan Chargers,2009
SK Raina,58.14,85.64,143.78,650000,Chennai Super Kings,2009
SK Warne,1.3,-17.43,-16.13,450000,Rajasthan Royals,2009
ST Jayasuriya,-12.26,-54.72,-66.98,975000,Mumbai Indians,2009
TM Dilshan,-3.96,34.94,30.98,250000,Delhi Daredevils,2009
YK Pathan,35.23,14.28,49.51,475000,Rajasthan Royals,2009
A Mishra,17.65,60.74,78.39,300000,Deccan Chargers,2011
AB de Villiers,21.7,0,21.7,1100000,Royal Challengers Bangalore,2011
AC Gilchrist,14.6,0,14.6,900000,Kings XI Punjab,2011
AC Thomas,-0.58,-63.84,-64.42,100000,Pune Warriors,2011
BB McCullum,0.69,0,0.69,475000,Kochi Tuskers Kerala,2011
BJ Hodge,-8.06,4.7,-3.36,425000,Kochi Tuskers Kerala,2011
CH Gayle,194.1,-0.1,194,650000,Royal Challengers Bangalore,2011
DE Bollinger,-0.4,-21.62,-22.02,700000,Chennai Super Kings,2011
DL Vettori,-4.47,181.12,176.65,550000,Royal Challengers Bangalore,2011
DPMD Jayawardene,-16.66,0,-16.66,1500000,Kochi Tuskers Kerala,2011
DW Steyn,3.26,63.68,66.94,1200000,Deccan Chargers,2011
G Gambhir,-22.33,0,-22.33,2400000,Kolkata Knight Riders,2011
Harbhajan Singh,11.21,26.67,37.88,850000,Mumbai Indians,2011
I Sharma,-0.43,-31.29,-31.72,450000,Deccan Chargers,2011
J Botha,-18.09,66.57,48.48,950000,Rajasthan Royals,2011
JA Morkel,10.47,-188.55,-178.08,675000,Chennai Super Kings,2011
JD Ryder,46.48,-12.96,33.52,150000,Pune Warriors,2011
JH Kallis,-30.48,11.87,-18.61,1100000,Kolkata Knight Riders,2011
JP Duminy,-13.32,-54.42,-67.74,300000,Deccan Chargers,2011
KA Pollard,-2.39,-191.47,-193.86,750000,Mumbai Indians,2011
KC Sangakkara,-14.76,0,-14.76,700000,Deccan Chargers,2011
KD Karthik,20.85,0,20.85,900000,Kings XI Punjab,2011
MEK Hussey,-24.69,0,-24.69,425000,Chennai Super Kings,2011
MK Tiwary,-33.69,-8.15,-41.84,475000,Kolkata Knight Riders,2011
MM Patel,-0.84,32.67,31.83,700000,Mumbai Indians,2011
MS Dhoni,85.61,0,85.61,1500000,Chennai Super Kings,2011
PP Chawla,1.57,-86.1,-84.53,900000,Kings XI Punjab,2011
R Ashwin,-3.31,180.03,176.72,850000,Chennai Super Kings,2011
R Dravid,-35.44,0,-35.44,500000,Rajasthan Royals,2011
R Vinay Kumar,3.52,-68.84,-65.32,475000,Kochi Tuskers Kerala,2011
RA Jadeja,6.68,8.45,15.13,950000,Kochi Tuskers Kerala,2011
RG Sharma,28.39,-23.29,5.1,2000000,Mumbai Indians,2011
RJ Harris,-6.8,-144.21,-151.01,325000,Kings XI Punjab,2011
RP Singh,0.42,-29.55,-29.13,500000,Kochi Tuskers Kerala,2011
RV Uthappa,10.12,0,10.12,2100000,Pune Warriors,2011
S Badrinath,-0.95,0,-0.95,800000,Chennai Super Kings,2011
S Dhawan,13.34,3.43,16.77,300000,Deccan Chargers,2011
SE Marsh,34.38,0,34.38,400000,Kings XI Punjab,2011
SK Raina,49.48,-24.79,24.69,650000,Chennai Super Kings,2011
SK Warne,-9.37,146.71,137.34,450000,Rajasthan Royals,2011
SR Watson,17.3,30.05,47.35,125000,Rajasthan Royals,2011
Shakib Al Hasan,4.8,28.24,33.04,425000,Kolkata Knight Riders,2011
TM Dilshan,8.4,-57.34,-48.94,650000,Royal Challengers Bangalore,2011
YK Pathan,46.55,57.18,103.73,2100000,Kolkata Knight Riders,2011
Yuvraj Singh,34.67,42.99,77.66,1800000,Pune Warriors,2011
Z Khan,-0.24,-122.15,-122.39,900000,Royal Challengers Bangalore,2011
A Mishra,-2.77,298.71,295.94,300000,Deccan Chargers,2012
AB de Villiers,343.32,0,343.32,1100000,Royal Challengers Bangalore,2012
Azhar Mahmood,9.82,442.35,452.17,200000,Kings XI Punjab,2012
BB McCullum,-48.06,0,-48.06,900000,Kolkata Knight Riders,2012
BJ Hodge,30.39,-0.52,29.87,475000,Rajasthan Royals,2012
CH Gayle,950.8,-3.57,947.23,650000,Royal Challengers Bangalore,2012
CL White,89.13,8.14,97.27,1100000,Deccan Chargers,2012
DA Warner,49.37,0,49.37,750000,Delhi Daredevils,2012
DJ Bravo,622.46,-998.93,-376.47,200000,Chennai Super Kings,2012
DJ Hussey,24.48,92.94,117.42,1400000,Kings XI Punjab,2012
DPMD Jayawardene,-24.38,0,-24.38,1400000,Delhi Daredevils,2012
DW Steyn,0.23,706.28,706.51,1200000,Deccan Chargers,2012
G Gambhir,39.42,0,39.42,2400000,Kolkata Knight Riders,2012
GB Hogg,-3.39,423.44,420.05,180000,Rajasthan Royals,2012
JA Morkel,320.43,-1680.15,-1359.72,675000,Chennai Super Kings,2012
JD Ryder,-21.21,6.05,-15.16,150000,Pune Warriors,2012
JH Kallis,-64.6,592.76,528.16,1100000,Kolkata Knight Riders,2012
JP Duminy,9.05,70.56,79.61,300000,Deccan Chargers,2012
KA Pollard,23.91,199.59,223.5,750000,Mumbai Indians,2012
KC Sangakkara,-28.97,0,-28.97,700000,Deccan Chargers,2012
KP Pietersen,35.49,33.28,68.77,1550000,Delhi Daredevils,2012
L Balaji,0,484.63,484.63,500000,Kolkata Knight Riders,2012
M Morkel,-2.68,728.55,725.87,475000,Delhi Daredevils,2012
M Muralitharan,-2.05,-132.03,-134.08,220000,Royal Challengers Bangalore,2012
MEK Hussey,-22.04,0,-22.04,425000,Chennai Super Kings,2012
MK Tiwary,-24.37,0,-24.37,475000,Kolkata Knight Riders,2012
MM Patel,-3.05,478.61,475.56,700000,Mumbai Indians,2012
MS Dhoni,470.03,0,470.03,1500000,Chennai Super Kings,2012
NV Ojha,-23.99,0,-23.99,270000,Delhi Daredevils,2012
OA Shah,15.89,0,15.89,200000,Rajasthan Royals,2012
PP Chawla,4.84,593.29,598.13,900000,Kings XI Punjab,2012
R Ashwin,0.96,-2087.77,-2086.81,850000,Chennai Super Kings,2012
R Dravid,-35.96,0,-35.96,500000,Rajasthan Royals,2012
R Vinay Kumar,394.54,-3143.24,-2748.7,1000000,Royal Challengers Bangalore,2012
RA Jadeja,689.87,-1023.83,-333.96,2000000,Chennai Super Kings,2012
RG Sharma,18.68,-4.82,13.86,2000000,Mumbai Indians,2012
RV Uthappa,-14.27,0,-14.27,2100000,Pune Warriors,2012
S Dhawan,42.85,11.54,54.39,300000,Deccan Chargers,2012
SC Ganguly,-75.37,27.3,-48.07,400000,Pune Warriors,2012
SE Marsh,-46.43,0,-46.43,400000,Kings XI Punjab,2012
SK Raina,580.23,-440.14,140.09,650000,Chennai Super Kings,2012
SP Narine,-0.09,1010.18,1010.09,700000,Kolkata Knight Riders,2012
SR Watson,48.93,273.08,322.01,125000,Rajasthan Royals,2012
Shakib Al Hasan,-2.4,399.82,397.42,425000,Kolkata Knight Riders,2012
TM Dilshan,-43.07,2.62,-40.45,650000,Royal Challengers Bangalore,2012
Z Khan,-4.86,-1644.48,-1649.34,900000,Royal Challengers Bangalore,2012
A Mishra,135.97,-566.57,-430.6,300000,Sunrisers Hyderabad,2013
AB Dinda,3.3,-1619.49,-1616.19,375000,Pune Warriors,2013
AB de Villiers,108.6,0,108.6,1100000,Royal Challengers Bangalore,2013
AC Gilchrist,23.07,1.56,24.63,900000,Kings XI Punjab,2013
AJ Finch,475.92,-22.16,453.76,300000,Pune Warriors,2013
AM Rahane,-69.42,0,-69.42,60000,Rajasthan Royals,2013
Azhar Mahmood,11.15,213.23,224.38,200000,Kings XI Punjab,2013
B Kumar,9.53,-575.45,-565.92,60000,Pune Warriors,2013
BJ Hodge,1.87,6.57,8.44,475000,Rajasthan Royals,2013
CH Gayle,148.41,-10.07,138.34,2000000,Royal Challengers Bangalore,2013
CH Morris,-1.93,144.05,142.12,625000,Chennai Super Kings,2013
CL White,-23.96,2.79,-21.17,1100000,Sunrisers Hyderabad,2013
DA Miller,99.83,0,99.83,100000,Kings XI Punjab,2013
DA Warner,16.74,0,16.74,750000,Delhi Daredevils,2013
DJ Bravo,-17.66,232.07,214.41,200000,Chennai Super Kings,2013
DJ Hussey,-12.09,27.92,15.83,1400000,Kings XI Punjab,2013
DPMD Jayawardene,-41.82,0,-41.82,1400000,Delhi Daredevils,2013
DR Smith,11.6,-24.18,-12.58,100000,Mumbai Indians,2013
DW Steyn,176.16,-2015.94,-1839.78,1200000,Sunrisers Hyderabad,2013
EJG Morgan,12.85,0,12.85,350000,Kolkata Knight Riders,2013
G Gambhir,-12.07,0,-12.07,2400000,Kolkata Knight Riders,2013
Harbhajan Singh,13.05,566.27,579.32,1300000,Mumbai Indians,2013
I Sharma,0,-1244.36,-1244.36,450000,Sunrisers Hyderabad,2013
IK Pathan,-43.84,243.54,199.7,1900000,Delhi Daredevils,2013
JD Unadkat,0.8,255.05,255.85,525000,Royal Challengers Bangalore,2013
JH Kallis,-71.56,219.15,147.59,1100000,Kolkata Knight Riders,2013
JP Faulkner,-6.17,439.07,432.9,400000,Rajasthan Royals,2013
KA Pollard,43.09,-2.33,40.76,900000,Mumbai Indians,2013
KD Karthik,11.63,0,11.63,1200000,Mumbai Indians,2013
L Balaji,3,177.05,180.05,500000,Kolkata Knight Riders,2013
M Vijay,-34.03,0,-34.03,900000,Chennai Super Kings,2013
MEK Hussey,61.45,0,61.45,425000,Chennai Super Kings,2013
MG Johnson,4.33,362.4,366.73,300000,Mumbai Indians,2013
MS Dhoni,86.87,0,86.87,3000000,Chennai Super Kings,2013
NLTC Perera,221.21,-1472.34,-1251.13,650000,Sunrisers Hyderabad,2013
P Awana,-4.28,262.98,258.7,60000,Kings XI Punjab,2013
P Kumar,8.59,352.59,361.18,800000,Kings XI Punjab,2013
PA Patel,331.84,0,331.84,650000,Sunrisers Hyderabad,2013
PP Chawla,-2.5,325.3,322.8,900000,Kings XI Punjab,2013
PP Ojha,-0.4,276.6,276.2,800000,Mumbai Indians,2013
R Ashwin,5.68,423.86,429.54,850000,Chennai Super Kings,2013
R Dravid,-30.34,0,-30.34,500000,Rajasthan Royals,2013
R Rampaul,-5.22,216.41,211.19,290000,Royal Challengers Bangalore,2013
R Vinay Kumar,14.76,138.57,153.33,1000000,Royal Challengers Bangalore,2013
RA Jadeja,20.34,230.78,251.12,2000000,Chennai Super Kings,2013
RG Sharma,49.71,13.28,62.99,2000000,Mumbai Indians,2013
RP Singh,0,115.79,115.79,600000,Royal Challengers Bangalore,2013
RV Uthappa,577.87,0,577.87,2100000,Pune Warriors,2013
S Dhawan,1.58,0,1.58,300000,Sunrisers Hyderabad,2013
SE Marsh,-1.21,0,-1.21,400000,Kings XI Punjab,2013
SK Raina,115.13,-4.21,110.92,1300000,Chennai Super Kings,2013
SL Malinga,-2.14,337.57,335.43,1100000,Mumbai Indians,2013
SP Narine,-1.17,740.01,738.84,700000,Kolkata Knight Riders,2013
SR Tendulkar,0.02,0,0.02,1800000,Mumbai Indians,2013
SR Watson,83.23,162.07,245.3,1300000,Rajasthan Royals,2013
V Kohli,93.66,0,93.66,1800000,Royal Challengers Bangalore,2013
V Sehwag,7.91,0.39,8.3,1800000,Delhi Daredevils,2013
YK Pathan,26.21,28.26,54.47,2100000,Kolkata Knight Riders,2013
Yuvraj Singh,10.92,54.65,65.57,1800000,Pune Warriors,2013
AB de Villiers,56.95,0,56.95,1583333,Royal Challengers Bangalore,2014
AJ Finch,-30.31,0,-30.31,666000,Sunrisers Hyderabad,2014
AM Rahane,-33.1,0,-33.1,1333333,Rajasthan Royals,2014
AR Patel,-16.37,278.35,261.98,125000,Kings XI Punjab,2014
B Kumar,-0.76,173.66,172.9,708000,Sunrisers Hyderabad,2014
BB McCullum,-18.81,0,-18.81,541000,Chennai Super Kings,2014
CJ Anderson,26.45,-144.11,-117.66,750000,Mumbai Indians,2014
DA Miller,39.02,0,39.02,833333,Kings XI Punjab,2014
DA Warner,46.04,0,46.04,916000,Sunrisers Hyderabad,2014
DR Smith,20.3,-19.39,0.91,750000,Chennai Super Kings,2014
DW Steyn,-3.82,-2.78,-6.6,1200000,Sunrisers Hyderabad,2014
F du Plessis,22.78,0,22.78,791000,Chennai Super Kings,2014
G Gambhir,-21.02,0,-21.02,1666667,Kolkata Knight Riders,2014
GJ Bailey,13.32,0,13.32,541000,Kings XI Punjab,2014
GJ Maxwell,127.53,-91.06,36.47,1000000,Kings XI Punjab,2014
Harbhajan Singh,2.18,213.1,215.28,1333333,Mumbai Indians,2014
JD Unadkat,-1.65,-99.2,-100.85,466000,Delhi Daredevils,2014
JP Duminy,-2.28,65.32,63.04,366000,Delhi Daredevils,2014
JP Faulkner,45.03,-286.3,-241.27,850000,Rajasthan Royals,2014
KA Pollard,-9.98,-201.51,-211.49,900000,Mumbai Indians,2014
KD Karthik,-9.74,0,-9.74,2083000,Delhi Daredevils,2014
KK Nair,26.04,0,26.04,125000,Rajasthan Royals,2014
KP Pietersen,-4.42,0,-4.42,1500000,Delhi Daredevils,2014
KV Sharma,10.23,3.95,14.18,625000,Sunrisers Hyderabad,2014
Karanveer Singh,0.09,-4.57,-4.48,16000,Kings XI Punjab,2014
L Balaji,-1.72,-115.6,-117.32,300000,Kings XI Punjab,2014
M Morkel,2.24,10.54,12.78,466000,Kolkata Knight Riders,2014
M Vijay,-38.98,-4.9,-43.88,833000,Delhi Daredevils,2014
M Vohra,35.4,0,35.4,58333,Kings XI Punjab,2014
MA Starc,-3.96,-21.57,-25.53,833000,Royal Challengers Bangalore,2014
MEK Hussey,-12.18,0,-12.18,833000,Mumbai Indians,2014
MG Johnson,-9.52,-74.19,-83.71,1083000,Kings XI Punjab,2014
MK Pandey,-51.43,0,-51.43,283000,Kolkata Knight Riders,2014
MM Sharma,-1.98,-96.57,-98.55,333000,Chennai Super Kings,2014
MS Dhoni,44.82,0,44.82,2083333,Chennai Super Kings,2014
NV Ojha,30.93,0,30.93,83000,Sunrisers Hyderabad,2014
PA Patel,-20.91,0,-20.91,233000,Royal Challengers Bangalore,2014
PP Chawla,9.82,40.82,50.64,708000,Kolkata Knight Riders,2014
PV Tambe,-0.09,43.79,43.7,16000,Rajasthan Royals,2014
R Ashwin,2.11,63.22,65.33,1250000,Chennai Super Kings,2014
R Bhatia,13.22,-4.14,9.08,283000,Rajasthan Royals,2014
R Dhawan,2.57,7.42,9.99,500000,Kings XI Punjab,2014
RA Jadeja,3.88,-31.83,-27.95,916667,Chennai Super Kings,2014
RG Sharma,1.31,-1.71,-0.4,1916667,Mumbai Indians,2014
RV Uthappa,54.43,0,54.43,833000,Kolkata Knight Riders,2014
S Dhawan,-48.8,0,-48.8,2083333,Sunrisers Hyderabad,2014
SK Raina,56.01,-1.95,54.06,1583333,Chennai Super Kings,2014
SL Malinga,-1.97,127.59,125.62,1350000,Mumbai Indians,2014
SP Narine,-4.89,242.23,237.34,700000,Kolkata Knight Riders,2014
SR Watson,-9.47,-23.67,-33.14,1300000,Rajasthan Royals,2014
Sandeep Sharma,-0.21,-117.15,-117.36,141000,Kings XI Punjab,2014
Shakib Al Hasan,11.32,174.02,185.34,466000,Kolkata Knight Riders,2014
UT Yadav,-1.62,-97.32,-98.94,433000,Kolkata Knight Riders,2014
V Kohli,-22.09,0,-22.09,2500000,Royal Challengers Bangalore,2014
V Sehwag,37.97,0,37.97,533000,Kings XI Punjab,2014
VR Aaron,4.22,-67.04,-62.82,333000,Royal Challengers Bangalore,2014
WP Saha,39.15,0,39.15,366000,Kings XI Punjab,2014
YK Pathan,55.3,-1.9,53.4,541000,Kolkata Knight Riders,2014
YS Chahal,0.12,102.1,102.22,16000,Royal Challengers Bangalore,2014
Yuvraj Singh,-15.82,-18.14,-33.96,2333000,Royal Challengers Bangalore,2014
A Nehra,-4.25,-3.11,-7.36,333000,Chennai Super Kings,2015
AB de Villiers,97.27,0,97.27,1583333,Royal Challengers Bangalore,2015
AD Russell,87.33,392.01,479.34,100000,Kolkata Knight Riders,2015
AM Rahane,2.21,0,2.21,1333333,Rajasthan Royals,2015
AR Patel,235.67,-1334.74,-1099.07,125000,Kings XI Punjab,2015
Anureet Singh,14.8,-2560.8,-2546,33000,Kings XI Punjab,2015
B Kumar,5.58,496.88,502.46,708000,Sunrisers Hyderabad,2015
BB McCullum,473.13,0,473.13,541000,Chennai Super Kings,2015
CH Gayle,63.99,5.32,69.31,1400000,Royal Challengers Bangalore,2015
CH Morris,22.34,449.7,472.04,233333,Rajasthan Royals,2015
D Wiese,-4.46,352.12,347.66,466667,Royal Challengers Bangalore,2015
DA Miller,251.86,0,251.86,833333,Kings XI Punjab,2015
DA Warner,94.14,0,94.14,916000,Sunrisers Hyderabad,2015
DJ Bravo,-10.94,-564.76,-575.7,666667,Chennai Super Kings,2015
DR Smith,640.2,6.26,646.46,750000,Chennai Super Kings,2015
DS Kulkarni,-5,326.36,321.36,183000,Rajasthan Royals,2015
F du Plessis,-7.51,0,-7.51,791000,Chennai Super Kings,2015
G Gambhir,-35.82,0,-35.82,1666667,Kolkata Knight Riders,2015
GJ Bailey,87.74,0,87.74,541000,Kings XI Punjab,2015
HV Patel,3.39,463.93,467.32,66000,Royal Challengers Bangalore,2015
Harbhajan Singh,19.2,372.02,391.22,1333333,Mumbai Indians,2015
IC Pandey,0,-526.74,-526.74,250000,Chennai Super Kings,2015
J Suchith,11.2,339.16,350.36,16667,Mumbai Indians,2015
JP Duminy,-8.54,202.56,194.02,366000,Delhi Daredevils,2015
KA Pollard,49.85,45.39,95.24,900000,Mumbai Indians,2015
KV Sharma,-2.35,339.16,336.81,625000,Sunrisers Hyderabad,2015
M Morkel,1.75,322.25,324,466000,Kolkata Knight Riders,2015
M Vijay,199.34,18.52,217.86,500000,Kings XI Punjab,2015
MA Agarwal,-24.75,0,-24.75,266000,Delhi Daredevils,2015
MA Starc,-4.98,533.89,528.91,833000,Royal Challengers Bangalore,2015
MC Henriques,7.6,361.71,369.31,166000,Sunrisers Hyderabad,2015
MG Johnson,22.17,-1719.45,-1697.28,1083000,Kings XI Punjab,2015
MJ McClenaghan,6.15,407.5,413.65,50000,Mumbai Indians,2015
MK Pandey,-16.64,0,-16.64,283000,Kolkata Knight Riders,2015
MM Sharma,7.85,-165.74,-157.89,333000,Chennai Super Kings,2015
MS Dhoni,471.88,0,471.88,2083333,Chennai Super Kings,2015
NM Coulter-Nile,-2.3,447.27,444.97,708000,Delhi Daredevils,2015
PA Patel,24.65,0,24.65,233000,Mumbai Indians,2015
PP Chawla,-1.94,377.16,375.22,708000,Kolkata Knight Riders,2015
R Ashwin,13.18,302.4,315.58,1250000,Chennai Super Kings,2015
RA Jadeja,238.17,-424.94,-186.77,916667,Chennai Super Kings,2015
RG Sharma,21.34,0,21.34,1916667,Mumbai Indians,2015
RV Uthappa,-0.88,0,-0.88,833000,Kolkata Knight Riders,2015
S Dhawan,-16.12,0,-16.12,2083333,Sunrisers Hyderabad,2015
SK Raina,299.31,43.63,342.94,1583333,Chennai Super Kings,2015
SL Malinga,-6.56,645.07,638.51,1350000,Mumbai Indians,2015
SPD Smith,3.07,0,3.07,666000,Rajasthan Royals,2015
SR Watson,6.86,168.28,175.14,1300000,Rajasthan Royals,2015
SS Iyer,-14.52,0,-14.52,433333,Delhi Daredevils,2015
Sandeep Sharma,4.2,-1073.56,-1069.36,141000,Kings XI Punjab,2015
UT Yadav,11.09,273.47,284.56,433000,Kolkata Knight Riders,2015
V Kohli,13.32,11.32,24.64,2500000,Royal Challengers Bangalore,2015
WP Saha,146.67,0,146.67,366000,Kings XI Punjab,2015
YK Pathan,-2.33,12.43,10.1,541000,Kolkata Knight Riders,2015
YS Chahal,0.25,322.73,322.98,16000,Royal Challengers Bangalore,2015
Yuvraj Singh,-30.11,49.11,19,2666667,Delhi Daredevils,2015
A Mishra,-13.46,271.37,257.91,15000,Delhi Daredevils,2016
A Zampa,-1.25,188.87,187.62,45000,Rising Pune Supergiants,2016
AB Dinda,0,185.44,185.44,75000,Rising Pune Supergiants,2016
AB de Villiers,150.35,0,150.35,1583333,Royal Challengers Bangalore,2016
AD Russell,226.33,-829.77,-603.44,100000,Kolkata Knight Riders,2016
AJ Finch,-10.88,0,-10.88,150000,Gujarat Lions,2016
AM Rahane,-37.95,0,-37.95,1333333,Rising Pune Supergiants,2016
AR Patel,289.76,-1135.28,-845.52,125000,Kings XI Punjab,2016
B Kumar,10.29,558.7,568.99,708000,Sunrisers Hyderabad,2016
BB McCullum,12.61,0,12.61,541000,Gujarat Lions,2016
BB Sran,0.18,321.82,322,180000,Sunrisers Hyderabad,2016
CH Gayle,14.2,118.12,132.32,1400000,Royal Challengers Bangalore,2016
CH Morris,52.82,416.67,469.49,1050000,Delhi Daredevils,2016
DA Warner,73.09,0,73.09,916000,Sunrisers Hyderabad,2016
DJ Bravo,-10.75,280.97,270.22,666667,Gujarat Lions,2016
DR Smith,45.22,115.66,160.88,345000,Gujarat Lions,2016
DS Kulkarni,8.31,486.82,495.13,300000,Gujarat Lions,2016
F du Plessis,-12.54,0,-12.54,791000,Rising Pune Supergiants,2016
G Gambhir,458.53,0,458.53,1666667,Kolkata Knight Riders,2016
JC Buttler,9.56,0,9.56,570000,Mumbai Indians,2016
JJ Bumrah,0.97,407.6,408.57,200000,Mumbai Indians,2016
KA Pollard,14.57,-39.47,-24.9,900000,Mumbai Indians,2016
KD Karthik,-19.35,0,-19.35,345000,Gujarat Lions,2016
KH Pandya,72.16,284.76,356.92,300000,Mumbai Indians,2016
KK Nair,-36.11,0,-36.11,600000,Delhi Daredevils,2016
KL Rahul,37.46,0,37.46,166000,Royal Challengers Bangalore,2016
M Morkel,0.04,-899.59,-899.55,466000,Kolkata Knight Riders,2016
M Vijay,166.02,3.04,169.06,500000,Kings XI Punjab,2016
MC Henriques,-27.49,282.17,254.68,166000,Sunrisers Hyderabad,2016
MJ McClenaghan,12.01,326.6,338.61,50000,Mumbai Indians,2016
MK Pandey,1.38,0,1.38,283000,Kolkata Knight Riders,2016
MM Sharma,41.94,-1762.72,-1720.78,975000,Kings XI Punjab,2016
MS Dhoni,-1.7,0,-1.7,2083333,Rising Pune Supergiants,2016
Mustafizur Rahman,0,662.53,662.53,210000,Sunrisers Hyderabad,2016
PP Chawla,-6.75,-544.61,-551.36,708000,Kolkata Knight Riders,2016
Q de Kock,-10.04,0,-10.04,583000,Delhi Daredevils,2016
R Ashwin,-6.39,451.46,445.07,1250000,Rising Pune Supergiants,2016
RG Sharma,-8.87,0,-8.87,1916667,Mumbai Indians,2016
RV Uthappa,440.66,0,440.66,833000,Kolkata Knight Riders,2016
S Dhawan,-46.73,0,-46.73,2083333,Sunrisers Hyderabad,2016
SK Raina,-16.09,41.21,25.12,1583333,Gujarat Lions,2016
SP Narine,-9.36,430.47,421.11,700000,Kolkata Knight Riders,2016
SPD Smith,32.06,0,32.06,666000,Rising Pune Supergiants,2016
SR Watson,3.68,338.56,342.24,1425000,Royal Challengers Bangalore,2016
SV Samson,-52.96,0,-52.96,630000,Delhi Daredevils,2016
Sandeep Sharma,11.13,-937.97,-926.84,141000,Kings XI Punjab,2016
UT Yadav,1.99,-1181.79,-1179.8,433000,Kolkata Knight Riders,2016
V Kohli,153.9,-2.4,151.5,2500000,Royal Challengers Bangalore,2016
WP Saha,261.26,0,261.26,366000,Kings XI Punjab,2016
YK Pathan,349.52,63.85,413.37,541000,Kolkata Knight Riders,2016
YS Chahal,0,338.62,338.62,16000,Royal Challengers Bangalore,2016
Yuvraj Singh,-1.53,27.65,26.12,1050000,Sunrisers Hyderabad,2016
Z Khan,-2.31,386.06,383.75,666667,Delhi Daredevils,2016
A Mishra,37.01,-1176.57,-1139.56,15000,Delhi Daredevils,2017
AB de Villiers,-12.14,0,-12.14,1583333,Royal Challengers Bangalore,2017
AJ Finch,511.64,0,511.64,150000,Gujarat Lions,2017
AJ Tye,23.96,359.04,383,75000,Gujarat Lions,2017
AM Rahane,-58.09,0,-58.09,1333333,Rising Pune Supergiant,2017
AR Patel,9.03,907.5,916.53,125000,Kings XI Punjab,2017
B Kumar,0.13,-482.97,-482.84,708000,Sunrisers Hyderabad,2017
BA Stokes,21.4,826.78,848.18,2164000,Rising Pune Supergiant,2017
BB McCullum,277.08,0,277.08,541000,Gujarat Lions,2017
CA Lynn,407.57,0,407.57,216000,Kolkata Knight Riders,2017
CH Gayle,87.01,0,87.01,1400000,Royal Challengers Bangalore,2017
CH Morris,149.73,25.32,175.05,1050000,Delhi Daredevils,2017
CR Woakes,-2.91,-1927.41,-1930.32,627000,Kolkata Knight Riders,2017
DA Warner,481.22,0,481.22,916000,Sunrisers Hyderabad,2017
DR Smith,31.03,-911.03,-880,345000,Gujarat Lions,2017
DT Christian,12.72,750.48,763.2,149000,Rising Pune Supergiant,2017
G Gambhir,556.71,0,556.71,1666667,Kolkata Knight Riders,2017
GJ Maxwell,59.01,419.96,478.97,1000000,Kings XI Punjab,2017
HH Pandya,220.85,-676.33,-455.48,16667,Mumbai Indians,2017
Ishan Kishan,-4.19,0,-4.19,52500,Gujarat Lions,2017
JC Buttler,43.09,0,43.09,570000,Mumbai Indians,2017
JD Unadkat,-3.2,902.52,899.32,45000,Rising Pune Supergiant,2017
JJ Bumrah,7.02,-305.5,-298.48,200000,Mumbai Indians,2017
KA Pollard,249.2,-7.75,241.45,900000,Mumbai Indians,2017
KD Karthik,515.04,0,515.04,345000,Gujarat Lions,2017
KH Pandya,1.61,753.44,755.05,300000,Mumbai Indians,2017
KK Nair,277,0,277,600000,Delhi Daredevils,2017
KM Jadhav,410.7,0,410.7,333000,Royal Challengers Bangalore,2017
KS Williamson,42.02,0,42.02,100000,Sunrisers Hyderabad,2017
KV Sharma,54.7,-313.14,-258.44,478000,Mumbai Indians,2017
Kuldeep Yadav,-2.9,-116.79,-119.69,66000,Kolkata Knight Riders,2017
M Vohra,-0.66,0,-0.66,58333,Kings XI Punjab,2017
MC Henriques,262.06,-1043.63,-781.57,166000,Sunrisers Hyderabad,2017
MJ McClenaghan,32.74,-768.63,-735.89,50000,Mumbai Indians,2017
MK Pandey,-29.06,0,-29.06,283000,Kolkata Knight Riders,2017
MK Tiwary,9.94,0,9.94,75000,Rising Pune Supergiant,2017
MM Sharma,1.63,684.76,686.39,975000,Kings XI Punjab,2017
MS Dhoni,-58.21,0,-58.21,2083333,Rising Pune Supergiant,2017
Mohammed Siraj,0,-747.03,-747.03,388000,Sunrisers Hyderabad,2017
N Rana,144.72,0,144.72,16667,Mumbai Indians,2017
NM Coulter-Nile,1.42,476.23,477.65,522000,Kolkata Knight Riders,2017
P Negi,185.52,562.72,748.24,149000,Royal Challengers Bangalore,2017
PA Patel,378,0,378,233000,Mumbai Indians,2017
PJ Cummins,85.99,-730.57,-644.58,672000,Delhi Daredevils,2017
RA Tripathi,19.49,2.67,22.16,15000,Rising Pune Supergiant,2017
RG Sharma,387.44,0,387.44,1916667,Mumbai Indians,2017
RR Pant,484.98,0,484.98,285000,Delhi Daredevils,2017
RV Uthappa,69.14,0,69.14,833000,Kolkata Knight Riders,2017
Rashid Khan,1.63,411.87,413.5,597000,Sunrisers Hyderabad,2017
S Dhawan,479.16,0,479.16,2083333,Sunrisers Hyderabad,2017
S Kaul,-1.5,-174.84,-176.34,16667,Sunrisers Hyderabad,2017
SE Marsh,-3.49,0,-3.49,366000,Kings XI Punjab,2017
SK Raina,412.85,138.46,551.31,1583333,Gujarat Lions,2017
SL Malinga,4.34,-676.98,-672.64,1350000,Mumbai Indians,2017
SN Thakur,-2.9,631.87,628.97,33000,Rising Pune Supergiant,2017
SP Narine,41.62,-282.98,-241.36,700000,Kolkata Knight Riders,2017
SPD Smith,-31.47,0,-31.47,666000,Rising Pune Supergiant,2017
SS Iyer,1.61,0,1.61,433333,Delhi Daredevils,2017
SV Samson,331.05,0,331.05,630000,Delhi Daredevils,2017
Sandeep Sharma,0.79,799.5,800.29,141000,Kings XI Punjab,2017
UT Yadav,0.27,674.19,674.46,433000,Kolkata Knight Riders,2017
V Kohli,-15.48,0,-15.48,2500000,Royal Challengers Bangalore,2017
WP Saha,-10.19,0,-10.19,366000,Kings XI Punjab,2017
YS Chahal,-6.45,77.66,71.21,16000,Royal Challengers Bangalore,2017
Yuvraj Singh,218.58,3.89,222.47,1050000,Sunrisers Hyderabad,2017
Z Khan,4.72,-460.89,-456.17,666667,Delhi Daredevils,2017
A Mishra,-0.54,80.57,80.03,625000,Delhi Daredevils,2018
AB de Villiers,91.61,0,91.61,1718750,Royal Challengers Bangalore,2018
AD Russell,67.2,-143.15,-75.95,1328130,Kolkata Knight Riders,2018
AJ Tye,1.25,-11.28,-10.03,1125000,Kings XI Punjab,2018
AM Rahane,-63.38,0,-63.38,625000,Rajasthan Royals,2018
AS Rajpoot,-0.13,-52.94,-53.07,468750,Kings XI Punjab,2018
AT Rayudu,43.36,0,43.36,343750,Chennai Super Kings,2018
CA Lynn,-24.73,0,-24.73,1500000,Kolkata Knight Riders,2018
CH Gayle,11.93,0,11.93,312500,Kings XI Punjab,2018
DJ Bravo,11.74,-194.23,-182.49,1000000,Chennai Super Kings,2018
DL Chahar,10.56,62.38,72.94,125000,Chennai Super Kings,2018
E Lewis,-13.63,0,-13.63,593750,Mumbai Indians,2018
HH Pandya,-24.94,-123.73,-148.67,1718750,Mumbai Indians,2018
Ishan Kishan,15.61,0,15.61,968750,Mumbai Indians,2018
JC Archer,-13.65,-33.49,-47.14,1125000,Rajasthan Royals,2018
JC Buttler,50.05,0,50.05,687500,Rajasthan Royals,2018
JD Unadkat,-0.96,-200.54,-201.5,1796880,Rajasthan Royals,2018
JJ Bumrah,-0.25,179.25,179,1093750,Mumbai Indians,2018
K Gowtham,32.87,12.77,45.64,968750,Rajasthan Royals,2018
KD Karthik,36.81,0,36.81,1156250,Kolkata Knight Riders,2018
KH Pandya,11.28,126.98,138.26,1375000,Mumbai Indians,2018
KK Nair,-11.73,0,-11.73,875000,Kings XI Punjab,2018
KL Rahul,83.86,0,83.86,1718750,Kings XI Punjab,2018
KS Williamson,10.94,0,10.94,468750,Sunrisers Hyderabad,2018
Kuldeep Yadav,-11.28,-3.21,-14.49,906250,Kolkata Knight Riders,2018
L Ngidi,0,142.73,142.73,78130,Chennai Super Kings,2018
M Markande,1.78,-34.87,-33.09,31250,Mumbai Indians,2018
M Prasidh Krishna,-2.09,-87.65,-89.74,15620,Kolkata Knight Riders,2018
MJ McClenaghan,1.78,-41.51,-39.73,50000,Mumbai Indians,2018
MK Pandey,-66.17,0,-66.17,1718750,Sunrisers Hyderabad,2018
MS Dhoni,30.81,0,30.81,2343750,Chennai Super Kings,2018
Mandeep Singh,-3.04,0,-3.04,218750,Royal Challengers Bangalore,2018
Mohammed Siraj,3.58,-112.53,-108.95,406250,Royal Challengers Bangalore,2018
Mujeeb Ur Rahman,5.67,144.13,149.8,625000,Kings XI Punjab,2018
N Rana,-26.13,14.22,-11.91,531250,Kolkata Knight Riders,2018
PP Chawla,-20.33,-49.5,-69.83,656250,Kolkata Knight Riders,2018
PP Shaw,22.23,0,22.23,187500,Delhi Daredevils,2018
Q de Kock,-22.74,0,-22.74,437500,Royal Challengers Bangalore,2018
R Ashwin,2.09,28.63,30.72,1187500,Kings XI Punjab,2018
RA Jadeja,-9.83,77.64,67.81,1093750,Chennai Super Kings,2018
RA Tripathi,-10.02,0,-10.02,531250,Rajasthan Royals,2018
RG Sharma,10.51,0,10.51,2343750,Mumbai Indians,2018
RR Pant,122.63,0,122.63,2343750,Delhi Daredevils,2018
RV Uthappa,-22.34,0,-22.34,1000000,Kolkata Knight Riders,2018
Rashid Khan,16.93,280.01,296.94,1406250,Sunrisers Hyderabad,2018
S Dhawan,-20.05,0,-20.05,812500,Sunrisers Hyderabad,2018
S Gopal,13.87,27.58,41.45,31250,Rajasthan Royals,2018
S Kaul,-7.76,-70.94,-78.7,593750,Sunrisers Hyderabad,2018
SA Yadav,-15.89,0,-15.89,500000,Mumbai Indians,2018
SK Raina,-46.03,0,-46.03,1718750,Chennai Super Kings,2018
SN Thakur,10.34,-141.47,-131.13,406250,Chennai Super Kings,2018
SP Narine,86.88,79.96,166.84,1953130,Kolkata Knight Riders,2018
SR Watson,58.17,-60.65,-2.48,625000,Chennai Super Kings,2018
SS Iyer,-28.71,0,-28.71,1093750,Delhi Daredevils,2018
SV Samson,-9.81,0,-9.81,1250000,Rajasthan Royals,2018
Sandeep Sharma,-2.47,93.08,90.61,468750,Sunrisers Hyderabad,2018
Shakib Al Hasan,-37.6,41.69,4.09,312500,Sunrisers Hyderabad,2018
Shubman Gill,27.58,0,27.58,281250,Kolkata Knight Riders,2018
TA Boult,-1.24,-141.39,-142.63,343750,Delhi Daredevils,2018
UT Yadav,-6.22,31.27,25.05,656250,Royal Challengers Bangalore,2018
V Kohli,10.21,0,10.21,2656250,Royal Challengers Bangalore,2018
V Shankar,5.85,-16.32,-10.47,500000,Delhi Daredevils,2018
YK Pathan,-18.83,2.67,-16.16,296880,Sunrisers Hyderabad,2018
YS Chahal,-2.47,93.83,91.36,937500,Royal Challengers Bangalore,2018
A Mishra,2.75,98.67,101.42,625000,Delhi Capitals,2019
AB de Villiers,57.34,0,57.34,1718750,Royal Challengers Bangalore,2019
AD Russell,131.39,-140.2,-8.81,1328130,Kolkata Knight Riders,2019
AM Rahane,13.92,0,13.92,625000,Rajasthan Royals,2019
AR Patel,-3.64,122.44,118.8,714300,Delhi Capitals,2019
AT Rayudu,-80.17,0,-80.17,343750,Chennai Super Kings,2019
B Kumar,-1.34,5.37,4.03,1328130,Sunrisers Hyderabad,2019
CA Lynn,-2.86,0,-2.86,1500000,Kolkata Knight Riders,2019
CH Gayle,24.27,0,24.27,312500,Kings XI Punjab,2019
CH Morris,-8.75,-153.86,-162.61,1718750,Delhi Capitals,2019
DA Miller,-29.97,0,-29.97,468750,Kings XI Punjab,2019
DA Warner,41.4,0,41.4,1953130,Sunrisers Hyderabad,2019
DJ Bravo,-5.86,-26.85,-32.71,1000000,Chennai Super Kings,2019
DL Chahar,-0.02,82.08,82.06,125000,Chennai Super Kings,2019
F du Plessis,-31.61,0,-31.61,250000,Chennai Super Kings,2019
HH Pandya,95.29,-181.7,-86.41,1718750,Mumbai Indians,2019
Harbhajan Singh,-1.35,69.12,67.77,312500,Chennai Super Kings,2019
I Sharma,6.57,-18.36,-11.79,157100,Delhi Capitals,2019
Imran Tahir,0,220.08,220.08,156250,Chennai Super Kings,2019
JC Archer,23.04,87.28,110.32,1125000,Rajasthan Royals,2019
JC Buttler,17.5,0,17.5,687500,Rajasthan Royals,2019
JD Unadkat,-1.11,-323.34,-324.45,1200000,Rajasthan Royals,2019
JJ Bumrah,-0.78,152.62,151.84,1093750,Mumbai Indians,2019
JM Bairstow,42.65,0,42.65,314300,Sunrisers Hyderabad,2019
K Rabada,3.47,-12.05,-8.58,656250,Delhi Capitals,2019
KA Pollard,46.15,0,46.15,843750,Mumbai Indians,2019
KD Karthik,41.65,0,41.65,1156250,Kolkata Knight Riders,2019
KH Pandya,-37.63,90.78,53.15,1375000,Mumbai Indians,2019
KK Ahmed,-1.14,-51.67,-52.81,468750,Sunrisers Hyderabad,2019
KL Rahul,6.67,0,6.67,1718750,Kings XI Punjab,2019
MA Agarwal,16.68,0,16.68,156250,Kings XI Punjab,2019
MK Pandey,-5.64,0,-5.64,1718750,Sunrisers Hyderabad,2019
MM Ali,58.38,96.17,154.55,265630,Royal Challengers Bangalore,2019
MP Stoinis,2.97,-31.3,-28.33,968750,Royal Challengers Bangalore,2019
MS Dhoni,-26.66,0,-26.66,2343750,Chennai Super Kings,2019
Mohammed Shami,-0.4,-160.33,-160.73,685700,Kings XI Punjab,2019
N Rana,40.96,-20.01,20.95,531250,Kolkata Knight Riders,2019
PA Patel,14.91,0,14.91,265630,Royal Challengers Bangalore,2019
PP Chawla,1.25,-153.43,-152.18,656250,Kolkata Knight Riders,2019
PP Shaw,-1.16,0,-1.16,187500,Delhi Capitals,2019
Q de Kock,-0.92,0,-0.92,437500,Mumbai Indians,2019
R Ashwin,2.96,126.97,129.93,1187500,Kings XI Punjab,2019
RA Jadeja,-25.06,245.75,220.69,1093750,Chennai Super Kings,2019
RD Chahar,0.2,195.91,196.11,296880,Mumbai Indians,2019
RG Sharma,-34.55,0,-34.55,2343750,Mumbai Indians,2019
RR Pant,59.72,0,59.72,2343750,Delhi Capitals,2019
RV Uthappa,-50.94,0,-50.94,1000000,Kolkata Knight Riders,2019
Rashid Khan,6.12,247.54,253.66,1406250,Sunrisers Hyderabad,2019
S Dhawan,-17.76,0,-17.76,812500,Delhi Capitals,2019
S Gopal,-1.23,96.02,94.79,31250,Rajasthan Royals,2019
SA Yadav,-3.84,0,-3.84,500000,Mumbai Indians,2019
SK Raina,-36.98,2.03,-34.95,1718750,Chennai Super Kings,2019
SL Malinga,0,-302.47,-302.47,285700,Mumbai Indians,2019
SM Curran,25.55,-186.86,-161.31,1028600,Kings XI Punjab,2019
SP Narine,17.32,-13.51,3.81,1953130,Kolkata Knight Riders,2019
SPD Smith,-14.86,0,-14.86,1953130,Rajasthan Royals,2019
SR Watson,-44.31,0,-44.31,625000,Chennai Super Kings,2019
SS Iyer,-3.7,0,-3.7,1093750,Delhi Capitals,2019
SV Samson,30.61,0,30.61,1250000,Rajasthan Royals,2019
Sandeep Sharma,2.86,-47.66,-44.8,468750,Sunrisers Hyderabad,2019
Shubman Gill,-21.43,0,-21.43,281250,Kolkata Knight Riders,2019
V Kohli,6.53,0,6.53,2656250,Royal Challengers Bangalore,2019
V Shankar,-29.69,-11.33,-41.02,500000,Sunrisers Hyderabad,2019
YS Chahal,-6.55,-7.84,-14.39,937500,Royal Challengers Bangalore,2019
A Nortje,0.76,-162.93,-162.17,28600,Delhi Capitals,2020
AB de Villiers,33.03,0,33.03,1718750,Royal Challengers Bangalore,2020
AJ Finch,-58.3,0,-58.3,628600,Royal Challengers Bangalore,2020
AT Rayudu,-13.95,0,-13.95,343750,Chennai Super Kings,2020
BA Stokes,40.86,-136.03,-95.17,1953130,Rajasthan Royals,2020
CH Gayle,4.64,1.7,6.34,312500,Kings XI Punjab,2020
CV Varun,-1.29,176.57,175.28,1200000,Kolkata Knight Riders,2020
D Padikkal,-29,0,-29,28600,Royal Challengers Bangalore,2020
DA Warner,-6.89,-0.66,-7.55,1953130,Sunrisers Hyderabad,2020
DL Chahar,-8.23,25.52,17.29,125000,Chennai Super Kings,2020
EJG Morgan,43.37,0,43.37,750000,Kolkata Knight Riders,2020
F du Plessis,17.42,0,17.42,250000,Chennai Super Kings,2020
HH Pandya,57.68,0,57.68,1718750,Mumbai Indians,2020
Ishan Kishan,24.13,0,24.13,968750,Mumbai Indians,2020
JC Archer,32.33,230.53,262.86,1125000,Rajasthan Royals,2020
JC Buttler,33.77,0,33.77,687500,Rajasthan Royals,2020
JJ Bumrah,3.8,144.15,147.95,1093750,Mumbai Indians,2020
JL Pattinson,1.49,-112.57,-111.08,100000,Mumbai Indians,2020
JM Bairstow,-27.55,0,-27.55,314300,Sunrisers Hyderabad,2020
JO Holder,1.4,-55.11,-53.71,105000,Sunrisers Hyderabad,2020
K Rabada,1.95,-130.53,-128.58,656250,Delhi Capitals,2020
KA Pollard,93.19,-42.6,50.59,843750,Mumbai Indians,2020
KL Rahul,21.84,0,21.84,1718750,Kings XI Punjab,2020
KS Williamson,-11.37,-7.95,-19.32,468750,Sunrisers Hyderabad,2020
M Ashwin,-1.08,30.14,29.06,28600,Kings XI Punjab,2020
MA Agarwal,58.13,0,58.13,156250,Kings XI Punjab,2020
MK Pandey,-26.67,0,-26.67,1718750,Sunrisers Hyderabad,2020
MP Stoinis,44.01,-163.01,-119,685700,Delhi Capitals,2020
MS Dhoni,-38.44,0,-38.44,2343750,Chennai Super Kings,2020
Mohammed Shami,-1.12,-154.31,-155.43,685700,Kings XI Punjab,2020
Mohammed Siraj,2.45,-98.19,-95.74,406250,Royal Challengers Bangalore,2020
N Pooran,60.06,0,60.06,600000,Kings XI Punjab,2020
N Rana,16.47,-6.95,9.52,531250,Kolkata Knight Riders,2020
PJ Cummins,-6.26,-48.5,-54.76,2214300,Kolkata Knight Riders,2020
PP Shaw,18.57,0,18.57,187500,Delhi Capitals,2020
Q de Kock,23.25,0,23.25,437500,Mumbai Indians,2020
R Ashwin,-6.14,40.48,34.34,1100000,Delhi Capitals,2020
R Tewatia,18.05,38.68,56.73,430000,Rajasthan Royals,2020
RA Jadeja,56.16,-52.24,3.92,1093750,Chennai Super Kings,2020
RA Tripathi,-0.33,0,-0.33,85700,Kolkata Knight Riders,2020
RD Chahar,-2.16,-57.4,-59.56,296880,Mumbai Indians,2020
RD Gaikwad,-9.13,0,-9.13,28600,Chennai Super Kings,2020
RG Sharma,-4.78,0,-4.78,2343750,Mumbai Indians,2020
RR Pant,-36.61,0,-36.61,2343750,Delhi Capitals,2020
Rashid Khan,-4.63,463.37,458.74,1406250,Sunrisers Hyderabad,2020
Ravi Bishnoi,-8.23,72.47,64.24,285700,Kings XI Punjab,2020
S Dhawan,59.22,0,59.22,812500,Delhi Capitals,2020
SA Yadav,41.23,0,41.23,500000,Mumbai Indians,2020
SM Curran,2.02,-49.16,-47.14,785700,Chennai Super Kings,2020
SN Thakur,-2.82,-70.81,-73.63,406250,Chennai Super Kings,2020
SPD Smith,-18.29,0,-18.29,1953130,Rajasthan Royals,2020
SR Watson,-34.2,0,-34.2,625000,Chennai Super Kings,2020
SS Iyer,-70.97,0,-70.97,1093750,Delhi Capitals,2020
SV Samson,44.45,0,44.45,1250000,Rajasthan Royals,2020
Sandeep Sharma,1.41,129.58,130.99,468750,Sunrisers Hyderabad,2020
Shubman Gill,-30.6,0,-30.6,281250,Kolkata Knight Riders,2020
T Natarajan,1,-99.83,-98.83,62500,Sunrisers Hyderabad,2020
TA Boult,-0.71,-27.02,-27.73,460000,Mumbai Indians,2020
V Kohli,-25.35,0,-25.35,2656250,Royal Challengers Bangalore,2020
WP Saha,-2.64,0,-2.64,171400,Sunrisers Hyderabad,2020
YS Chahal,-1,122.6,121.6,937500,Royal Challengers Bangalore,2020
A Nortje,0,106.57,106.57,28600,Delhi Capitals,2021
AB de Villiers,43.56,0,43.56,1718750,Royal Challengers Bangalore,2021
AD Russell,30.56,-79.79,-49.23,1328130,Kolkata Knight Riders,2021
AR Patel,-17.4,159.28,141.88,714300,Delhi Capitals,2021
AT Rayudu,31.92,0,31.92,343750,Chennai Super Kings,2021
Arshdeep Singh,0.29,-86.17,-85.88,28600,Punjab Kings,2021
Avesh Khan,1.6,11.05,12.65,109380,Delhi Capitals,2021
C Sakariya,-12.34,-86.9,-99.24,171400,Rajasthan Royals,2021
CH Morris,-1.04,-246,-247.04,2321400,Rajasthan Royals,2021
CV Varun,-1.37,219.16,217.79,1200000,Kolkata Knight Riders,2021
D Padikkal,-34.69,0,-34.69,28600,Royal Challengers Bangalore,2021
DJ Bravo,18.76,-12.9,5.86,1000000,Chennai Super Kings,2021
DL Chahar,0.16,-74.52,-74.36,125000,Chennai Super Kings,2021
F du Plessis,43.66,0,43.66,250000,Chennai Super Kings,2021
GJ Maxwell,66.59,-14.52,52.07,2035700,Royal Challengers Bangalore,2021
HV Patel,0.8,-53.32,-52.52,31250,Royal Challengers Bangalore,2021
Ishan Kishan,20.96,0,20.96,968750,Mumbai Indians,2021
JC Buttler,30.65,0,30.65,687500,Rajasthan Royals,2021
JJ Bumrah,1.69,8.47,10.16,1093750,Mumbai Indians,2021
JM Bairstow,23.41,0,23.41,314300,Sunrisers Hyderabad,2021
JO Holder,4.42,8.02,12.44,105000,Sunrisers Hyderabad,2021
JR Hazlewood,0,-84.6,-84.6,285700,Chennai Super Kings,2021
K Rabada,6.2,-81.9,-75.7,656250,Delhi Capitals,2021
KA Pollard,17.85,18.48,36.33,843750,Mumbai Indians,2021
KD Karthik,16.54,0,16.54,1156250,Kolkata Knight Riders,2021
KL Rahul,25.67,0,25.67,1718750,Punjab Kings,2021
KS Williamson,-32.25,0,-32.25,468750,Sunrisers Hyderabad,2021
LH Ferguson,3.26,26.52,29.78,228600,Kolkata Knight Riders,2021
M Prasidh Krishna,-0.57,-168.58,-169.15,15620,Kolkata Knight Riders,2021
MA Agarwal,34.48,0,34.48,156250,Punjab Kings,2021
MK Pandey,-2.26,0,-2.26,1718750,Sunrisers Hyderabad,2021
MM Ali,33.76,69.85,103.61,1000000,Chennai Super Kings,2021
Mohammed Shami,-1.31,34.89,33.58,685700,Punjab Kings,2021
Mohammed Siraj,-1.88,106.94,105.06,406250,Royal Challengers Bangalore,2021
Mustafizur Rahman,0.03,-140.77,-140.74,142900,Rajasthan Royals,2021
N Rana,-9.92,7.64,-2.28,531250,Kolkata Knight Riders,2021
PP Shaw,81.36,0,81.36,187500,Delhi Capitals,2021
Q de Kock,-30.48,0,-30.48,437500,Mumbai Indians,2021
RA Jadeja,39.35,38.44,77.79,1093750,Chennai Super Kings,2021
RA Tripathi,31.13,0,31.13,85700,Kolkata Knight Riders,2021
RD Chahar,-5.26,24.34,19.08,296880,Mumbai Indians,2021
RD Gaikwad,18.62,0,18.62,28600,Chennai Super Kings,2021
RG Sharma,-15.35,-3.78,-19.13,2343750,Mumbai Indians,2021
RR Pant,-8.84,0,-8.84,2343750,Delhi Capitals,2021
Rashid Khan,-8.15,112.14,103.99,1406250,Sunrisers Hyderabad,2021
Ravi Bishnoi,-4.67,111.18,106.51,285700,Punjab Kings,2021
S Dhawan,-15.26,0,-15.26,812500,Delhi Capitals,2021
S Dube,-17.84,-14.79,-32.63,628600,Rajasthan Royals,2021
SA Yadav,43.77,0,43.77,500000,Mumbai Indians,2021
SN Thakur,-2.18,-178.03,-180.21,406250,Chennai Super Kings,2021
SO Hetmyer,58.35,0,58.35,1107100,Delhi Capitals,2021
SP Narine,0.99,199.14,200.13,1953130,Kolkata Knight Riders,2021
SV Samson,34.26,0,34.26,1250000,Rajasthan Royals,2021
Shivam Mavi,7.33,14.15,21.48,468750,Kolkata Knight Riders,2021
Shubman Gill,-57.78,0,-57.78,281250,Kolkata Knight Riders,2021
TA Boult,-2.37,-19.81,-22.18,460000,Mumbai Indians,2021
V Kohli,-30.69,0,-30.69,2656250,Royal Challengers Bangalore,2021
VR Iyer,-5.16,-12.69,-17.85,28600,Kolkata Knight Riders,2021
YBK Jaiswal,38.21,0,38.21,342900,Rajasthan Royals,2021
YS Chahal,-5.37,82.82,77.45,937500,Royal Challengers Bangalore,2021
AD Russell,57.29,-92.51,-35.22,1328130,Kolkata Knight Riders,2022
AK Markram,31.78,-13.72,18.06,351351,Sunrisers Hyderabad,2022
AT Rayudu,-49.5,0,-49.5,343750,Chennai Super Kings,2022
Abhishek Sharma,-1.74,-6.87,-8.61,85940,Sunrisers Hyderabad,2022
Arshdeep Singh,4.71,0.91,5.62,28600,Punjab Kings,2022
Avesh Khan,5.46,-9.77,-4.31,109380,Lucknow Super Giants,2022
B Kumar,-6.01,86.22,80.21,1328130,Sunrisers Hyderabad,2022
D Padikkal,-37.31,0,-37.31,28600,Rajasthan Royals,2022
DA Miller,1.64,0,1.64,107100,Gujarat Titans,2022
DA Warner,42.86,0,42.86,1953130,Delhi Capitals,2022
DJ Bravo,-7.11,-63.52,-70.63,1000000,Chennai Super Kings,2022
DP Conway,23.18,0,23.18,135135,Chennai Super Kings,2022
DR Sams,-6.52,-63.52,-70.04,351351,Mumbai Indians,2022
F du Plessis,-23.85,0,-23.85,250000,Royal Challengers Bangalore,2022
GJ Maxwell,72.63,100.53,173.16,2035700,Royal Challengers Bangalore,2022
HH Pandya,6.79,80.65,87.44,1718750,Gujarat Titans,2022
HV Patel,-6.73,-6.27,-13,31250,Royal Challengers Bangalore,2022
Ishan Kishan,-7,0,-7,968750,Mumbai Indians,2022
JC Buttler,79.94,0,79.94,687500,Rajasthan Royals,2022
JJ Bumrah,-6.95,88.54,81.59,1093750,Mumbai Indians,2022
JM Bairstow,33.24,0,33.24,314300,Punjab Kings,2022
JM Sharma,49.89,0,49.89,24000,Punjab Kings,2022
JR Hazlewood,-2.75,50.94,48.19,285700,Royal Challengers Bangalore,2022
K Rabada,13.73,-43.94,-30.21,656250,Punjab Kings,2022
KD Karthik,71.98,0,71.98,1156250,Royal Challengers Bangalore,2022
KK Ahmed,-1.21,38.6,37.39,468750,Delhi Capitals,2022
KL Rahul,16.67,0,16.67,1718750,Lucknow Super Giants,2022
KS Williamson,-83.27,0,-83.27,468750,Sunrisers Hyderabad,2022
Kuldeep Yadav,-16.24,-2.36,-18.6,28600,Delhi Capitals,2022
LH Ferguson,0.71,-155.5,-154.79,228600,Gujarat Titans,2022
LS Livingstone,74.4,-9.62,64.78,107100,Punjab Kings,2022
M Prasidh Krishna,-6.86,-11.25,-18.11,15620,Rajasthan Royals,2022
M Theekshana,1.62,65.41,67.03,94595,Chennai Super Kings,2022
MM Ali,-2.27,77.88,75.61,1000000,Chennai Super Kings,2022
MR Marsh,-17.46,-4.64,-22.1,285700,Delhi Capitals,2022
MS Dhoni,-20.15,0,-20.15,2343750,Chennai Super Kings,2022
Mohammed Shami,0,-39.44,-39.44,685700,Gujarat Titans,2022
Mukesh Choudhary,2.38,-136.53,-134.15,24000,Chennai Super Kings,2022
N Pooran,-14.69,0,-14.69,600000,Sunrisers Hyderabad,2022
N Rana,14.21,-5.62,8.59,531250,Kolkata Knight Riders,2022
PP Shaw,45.18,0,45.18,187500,Delhi Capitals,2022
PWH de Silva,-17.59,110.44,92.85,1452703,Royal Challengers Bangalore,2022
Q de Kock,12.73,0,12.73,437500,Lucknow Super Giants,2022
R Ashwin,13.17,136.86,150.03,1100000,Rajasthan Royals,2022
R Powell,20.15,-8.62,11.53,378378,Delhi Capitals,2022
RA Tripathi,48.31,0,48.31,85700,Sunrisers Hyderabad,2022
RD Chahar,3.33,39.78,43.11,296880,Punjab Kings,2022
RD Gaikwad,-5.01,0,-5.01,28600,Chennai Super Kings,2022
RG Sharma,-35.83,0,-35.83,2343750,Mumbai Indians,2022
RM Patidar,-17.19,0,-17.19,28600,Royal Challengers Bangalore,2022
RR Pant,40.07,0,40.07,2343750,Delhi Capitals,2022
RV Uthappa,1.81,0,1.81,428600,Chennai Super Kings,2022
Rashid Khan,32.06,258.6,290.66,1406250,Gujarat Titans,2022
S Dhawan,-37.75,0,-37.75,812500,Punjab Kings,2022
S Dube,16.13,-49.26,-33.13,628600,Chennai Super Kings,2022
SA Yadav,22.82,0,22.82,500000,Mumbai Indians,2022
SN Thakur,17.08,-238.94,-221.86,406250,Delhi Capitals,2022
SO Hetmyer,-4.92,0,-4.92,1107100,Rajasthan Royals,2022
SS Iyer,3.34,1.39,4.73,1093750,Kolkata Knight Riders,2022
SV Samson,28.69,0,28.69,1250000,Rajasthan Royals,2022
Shubman Gill,2.66,0,2.66,281250,Gujarat Titans,2022
T Natarajan,0,-166.87,-166.87,62500,Sunrisers Hyderabad,2022
TA Boult,-1.16,-22.26,-23.42,460000,Rajasthan Royals,2022
TG Southee,-6.45,50.57,44.12,156250,Kolkata Knight Riders,2022
UT Yadav,12.12,111.5,123.62,142900,Kolkata Knight Riders,2022
Umran Malik,-2.15,-172.12,-174.27,540541,Sunrisers Hyderabad,2022
V Kohli,-31.97,0,-31.97,2656250,Royal Challengers Bangalore,2022
WP Saha,-7.19,0,-7.19,171400,Gujarat Titans,2022
YBK Jaiswal,10.47,0,10.47,342900,Rajasthan Royals,2022
YS Chahal,-1.15,16.86,15.71,937500,Rajasthan Royals,2022
